Название,Email,Телефон,Сайт,Адрес,Описание,Рейтинг
"Grace Gymnastics Dubai","field.@media","+971 58 202 4130","https://www.ggdxb.com/","Gems Metropole School - Al Waha - Dubai - ОАЭ","Top Rhythmic Gymnastics UAE Coaching in Dubai. You can get the best rhythmic gymnastics classes for your child in UAE, the right place can also ensure the safety of children.","4.2"
"Dubai Elite Gymnastics Academy -( krystal )","dubai.elitegymnastics@gmail.com","+971 55 245 5223","http://www.dega.ae/","behind Al Qouz Mall - 13C St - Al Quoz - Al Quoz Industrial Area 3 - Dubai - ОАЭ","Dubai Elite Gymnastics Academy (DEGA) offers diversity of classes for all ages and levels such as: Gymnastics, Latin Dance, Circus , Self-training area and many more.","4.2"
"Coach Sveta Rhythmic Gymnastics Club Dubai","info@coachsveta.comTerms","+971 52 440 6557","https://coachsveta.com/","National School - Umm Sequim Street, Al Barsha 2 South GEMS - Al Barsha - Dubai - ОАЭ","Rhythmic Gymnastics Coach in Dubai. Teaching gymnastics kids 4 - 14 years 
old. I take them from the very beginning to world champions.","4.9"
"Rhythmic Gymnastics Club PIROUETTE","pirouette.uae@gmail.com","+971 58 550 2360","https://pirouette.ae/","45 4th St - Al Quoz - Al Quoz Industrial Area 3 - Dubai - ОАЭ","International network of rhythmic gymnastics centers PIROUETTE™. Give your princess the world of rhythmic gymnastics. Professional trainers, classes according to the author's methodology, a high level of competition.","4.8"
"Level Up Gyms (lvlup Gym) - Gymnastics & Sports Centre in Dubai","info@lvlupgyms.comLocation","+971 4 576 2333","https://www.lvlupgyms.com/","Dubai Production City (IMPZ Ali Al Hashemi Building, Ground Floor - دبي - الإمارات العربية المتحدة","Build confidence, strength, and agility at the best gymnastic club in Dubai, where all ages thrive with professional guidance and state-of-the-art facilities.","4.5"
"Prosportsuae Gymnastic Academy Mirdif - Dubai Gymnastic Club","Instagram@prosportsuae","+971 58 588 0160","http://www.prosportsuae.com/","شارع الشيخ محمد بن زايد - مردف - دبي - الإمارات العربية المتحدة","Unleash your potential at Prosportsuae, the leading sports academy in Sharjah, Dubai and Ajman, UAE. Elevate your game with our top-tier programs and facilities! Providing a range of sports from Gymnastic, Football, Basketball, Tennis and Swimming.","4.8"
"Aspire gymnastics club","aspiregymnasticsdubai@gmail.com","+971 56 991 0091","https://www.aspiregymnasticsdubai.com/","DIP, 2 - دبي - الإمارات العربية المتحدة","Aspire Gymnastics Dubai offers artistic gymnastics to children aged 3 to 18 years old, both boys and girls from recreational to competitive level.","4.4"
"Grand Gymnastics Academy - Dubai Marina","grand.academy.dxb@gmail.com","+971 55 442 8349","https://grand-academy.com/","Marina Wharf - 2 - Shop 11 Marina Promenade - inside SWT ARENA Fitness - دبي مارينا - دبي - الإمارات العربية المتحدة","Discover elite gymnastics & ballet at our premier school. Join us for expert training in a vibrant, supportive atmosphere","4.8"
"Absolute Gymnastics office","admin@absolute-gymnastics.com","+971 58 102 6546","https://absolutegymnasticsuae.com/","Tower, Prime Business Centre - JVC, Jumeirah Village Circle - دبي - الإمارات العربية المتحدة","Train at Top Gymnastics Academies Dubai with professional Gymnastics Coaching Dubai, modern equipment, and tailored programs for beginners to advanced.","4.8"
"Grace Gymnastics Dubai","field.@media","+971 58 202 4130","http://www.ggdxb.com/","Gems Willington International School - الصفوح - الصفوح 1 - دبي - الإمارات العربية المتحدة","Top Rhythmic Gymnastics UAE Coaching in Dubai. You can get the best rhythmic gymnastics classes for your child in UAE, the right place can also ensure the safety of children.","4.6"
"Rhythmix Club Dubai - Rhythmic Gymnastics & Dance","filler@godaddy.comMy AccountSign","+971 58 640 5990","https://rhythmix.ae/","Dubai American Academy - Gate 5 - Hessa St - Al Barsha - Al Barsha 1 - Dubai - United Arab Emirates","Join Rhythmix - Rhythmic Gymnastics Club for top-notch rhythmic gymnastics classes and environment that nurtures confidence, creativity and teamwork. Our expert coaches inspire young gymnasts to perform and compete at their best!","5"
"DoubleD Sports Academy / Artistic Swimming UAE","jquery@1.12.4/dist","+971 54 301 6301","https://www.doubledsports.ae/","Madinat Hind 2 - Dubai - ОАЭ","Revolutionizing Artistic Swimming in Dubai","4.9"
"Dubai Youth Olympic School of Rhythmic Gymnastics","info@uae-gymnastics.com for","+971 52 507 3475","https://www.uae-gymnastics.com/","51 30B St - Al Wasl - Dubai - ОАЭ","No description","4.3"
"Гимнастика Художественная Академия ""Супер Спортс"" - Rhythmic Gymnastics Academy Super Sports","","+971 56 138 6123","https://supersportsuae.com/","4656+HW6 - Al Barsha - Al Barsha 1 - Dubai - ОАЭ","Founded in 1998 Super Sports has grown to be the largest UAE based company offering Sports Event Management Services & Professional Sports Coaching Academies.","5"
"star rhythmic gymnastic club","","+971 50 635 6005","https://staracademygymnastic.com/","36HR+VWV Science Park - Repton - البرشاء - جنوب البرشاء - دبي - الإمارات العربية المتحدة","Star Rhythmic Gymnastics Club Dubai offers expert coaching, structured training, and performances for girls. Join top rhythmic gymnastics in Dubai today.","5"
"Gymnastics academy “Alem”","","+971 50 836 2887","https://www.instagram.com/alem_academy/","One JLT - Jumeirah Lake Towers - Dubai - ОАЭ","Веб-сайт недоступен для скрапинга","5"
"DuGym Rhythmic Gymnastics Club","","+971 52 615 5261","https://www.google.com/maps/search/?api=1&query=DuGym%20Rhythmic%20Gymnastics%20Club&query_place_id=ChIJyVBHDDlqXz4RQzYfnVF3tHY","60 34th St - Umm Suqeim - Umm Suqeim 2 - Dubai - ОАЭ","Веб-сайт недоступен для скрапинга","5"
"SMITH ACADEMY (DUBAI MARINA)","","+971 52 315 7766","https://www.google.com/maps/search/?api=1&query=SMITH%20ACADEMY%20(DUBAI%20MARINA)&query_place_id=ChIJjRN3BgtrXz4Rt7xeQB2QMEU","Mall, MarinaScape - Dubai Marina - Dubai - ОАЭ","Веб-сайт недоступен для скрапинга","4"